페달휴지통,생활/건강청소용품휴지통다용도휴지통,4290,194926,45.437296037296036
원터치휴지통,생활/건강청소용품휴지통다용도휴지통,1830,77960,42.60109289617486
쓰레기통,생활/건강청소용품휴지통다용도휴지통,53850,2661838,49.43060352831941
휴지통,생활/건강청소용품휴지통다용도휴지통,31820,2661838,83.65298554368322
인테리어휴지통,생활/건강청소용품휴지통다용도휴지통,5030,196196,39.0051689860835
20리터쓰레기통,생활/건강청소용품휴지통다용도휴지통,5990,112468,18.775959933222037
종량제쓰레기통,생활/건강청소용품휴지통다용도휴지통,1200,91036,75.86333333333333
20L쓰레기통,생활/건강청소용품휴지통다용도휴지통,3650,112468,30.813150684931507
미니휴지통,생활/건강청소용품휴지통다용도휴지통,4190,226343,54.019809069212414
쓰레기분리수거함,생활/건강청소용품휴지통분리수거함,7780,311450,40.03213367609254
가정용분리수거함,생활/건강청소용품휴지통분리수거함,56040,82289,1.4683975731620271
대형쓰레기통,생활/건강청소용품휴지통분리수거함,2900,125340,43.220689655172414
재떨이,생활/건강생활용품생활잡화재떨이,8940,307915,34.4423937360179
자동센서휴지통,생활/건강청소용품휴지통다용도휴지통,7240,35712,4.932596685082873
재활용분리수거함,생활/건강청소용품휴지통분리수거함,41790,180734,4.324814548935152
센서휴지통,생활/건강청소용품휴지통다용도휴지통,1510,45093,29.862913907284767
화장실쓰레기통,생활/건강청소용품휴지통다용도휴지통,2960,171476,57.93108108108108
사각휴지통,생활/건강청소용품휴지통다용도휴지통,1070,180961,169.12242990654207
재털이,생활/건강생활용품생활잡화재떨이,1980,307915,155.51262626262627
음식물쓰레기통,생활/건강청소용품휴지통음식물쓰레기통,57680,276859,4.7999133148404995
대용량분리수거함,생활/건강청소용품휴지통분리수거함,3390,46921,13.841002949852507
스마트쓰레기통,생활/건강청소용품휴지통다용도휴지통,2650,52395,19.77169811320755
이케아분리수거함,생활/건강청소용품휴지통분리수거함,3560,1068,0.3
자동휴지통,생활/건강청소용품휴지통다용도휴지통,2940,70639,24.02687074829932
자동쓰레기통,생활/건강청소용품휴지통다용도휴지통,6660,70639,10.606456456456456
3단분리수거함,생활/건강청소용품휴지통분리수거함,2620,36097,13.777480916030534
10리터쓰레기통,생활/건강청소용품휴지통다용도휴지통,1850,16969,9.172432432432432
스텐쓰레기통,생활/건강청소용품휴지통다용도휴지통,1350,343228,254.24296296296296
분리수거대,생활/건강청소용품휴지통분리수거함,2750,12552,4.564363636363637
50리터쓰레기통,생활/건강청소용품휴지통다용도휴지통,1510,18680,12.370860927152318
깔대기,생활/건강주방용품조리기구깔때기,5580,228053,40.86971326164875
스텐깔대기,생활/건강주방용품조리기구깔때기,1790,57055,31.874301675977655
종량제봉투쓰레기통,생활/건강청소용품휴지통다용도휴지통,1390,40914,29.43453237410072
깔때기,생활/건강주방용품조리기구깔때기,7840,228040,29.086734693877553
기저귀쓰레기통,출산/육아위생/건강용품기저귀휴지통,8570,29418,3.4326721120186696
이지캔,생활/건강청소용품휴지통다용도휴지통,3710,290,0.07816711590296496
기저귀휴지통,출산/육아위생/건강용품기저귀휴지통,5250,29414,5.602666666666667
분리수거함,생활/건강청소용품휴지통분리수거함,42720,567614,13.28684456928839
화장실휴지통,생활/건강청소용품휴지통다용도휴지통,4820,171454,35.57136929460581
이지캔쓰레기통,생활/건강청소용품휴지통다용도휴지통,4300,186,0.04325581395348837
냄새차단쓰레기통,생활/건강청소용품휴지통다용도휴지통,1170,20624,17.62735042735043
페달쓰레기통,생활/건강청소용품휴지통다용도휴지통,1190,194903,163.7840336134454
압축쓰레기통,생활/건강청소용품휴지통압축휴지통,2840,39256,13.822535211267606
제설함,생활/건강공구안전용품기타안전용품,2610,3927,1.5045977011494254
쓰레기봉투거치대,생활/건강청소용품휴지통분리수거함,2350,16225,6.904255319148936
재활용쓰레기통,생활/건강청소용품휴지통분리수거함,2350,219015,93.19787234042553
주방휴지통,생활/건강청소용품휴지통다용도휴지통,1540,332358,215.8168831168831
주방쓰레기통,생활/건강청소용품휴지통다용도휴지통,3180,332358,104.51509433962264
스텐휴지통,생활/건강청소용품휴지통다용도휴지통,1410,343266,243.45106382978724
분리수거통,생활/건강청소용품휴지통분리수거함,3870,545018,140.8315245478036
의류수거함,생활/건강청소용품휴지통분리수거함,7230,5926,0.819640387275242
업소용쓰레기통,생활/건강청소용품휴지통다용도휴지통,1250,103435,82.748
가정용음식물쓰레기통,생활/건강청소용품휴지통음식물쓰레기통,1740,50644,29.105747126436782
차량용쓰레기통,생활/건강자동차용품수납용품휴지통,9050,95181,10.517237569060773
베스트캔,생활/건강청소용품휴지통다용도휴지통,1130,284,0.2513274336283186
종이컵분리수거,생활/건강주방용품주방잡화종이컵디스펜서,2070,8987,4.341545893719807
헌옷수거함,생활/건강청소용품휴지통분리수거함,11920,144,0.012080536912751677
10L쓰레기통,생활/건강청소용품휴지통다용도휴지통,1700,78518,46.18705882352941
청소슬리퍼,생활/건강청소용품걸레,3730,37255,9.987935656836461
걸레슬리퍼,생활/건강청소용품걸레,1990,31483,15.820603015075378
X반도,생활/건강공구수작업공구공구함,1670,42106,25.21317365269461
자전거거치대,스포츠/레저자전거자전거용품거치대,21860,428192,19.587923147301005
칼판,생활/건강문구/사무용품데스크용품데스크패드,1230,8678,7.055284552845529
랜선종류,디지털/가전PC부품PC케이블랜케이블,1030,1002189,972.9990291262136
자전거보관대,스포츠/레저자전거자전거용품거치대,2120,8661,4.085377358490566
청소도구함,생활/건강청소용품기타청소용품,3310,18752,5.665256797583082
CAT6케이블,디지털/가전PC부품PC케이블랜케이블,2050,327077,159.549756097561
페이퍼타올디스펜서,생활/건강생활용품화장지페이퍼타월,1240,31418,25.337096774193547
팜레스트,디지털/가전PC액세서리손목받침대,11630,150913,12.976182287188307
경찰조끼,생활/건강공구안전용품안전/작업복,2610,5379,2.060919540229885
흡연부스,생활/건강공구안전용품기타안전용품,3820,5203,1.362041884816754
미니쓰레기통,생활/건강청소용품휴지통다용도휴지통,2230,226345,101.5
재활용수거함,생활/건강청소용품휴지통분리수거함,1830,183470,100.2568306010929
쓰레기통10리터,생활/건강청소용품휴지통다용도휴지통,2500,16969,6.7876
분리수거장,가구/인테리어아웃도어가구기타아웃도어가구,1450,1987,1.370344827586207
20리터종량제쓰레기통,생활/건강청소용품휴지통다용도휴지통,4160,20164,4.8471153846153845
분리수거쓰레기통,생활/건강청소용품휴지통분리수거함,2760,549095,198.94746376811594
자동센서쓰레기통,생활/건강청소용품휴지통다용도휴지통,1670,35716,21.38682634730539
스마트휴지통,생활/건강청소용품휴지통다용도휴지통,2520,52398,20.792857142857144
비누받침,생활/건강욕실용품욕실용기/홀더비눗갑/홀더/받침,2380,294284,123.64873949579832
플라스틱분리수거,생활/건강청소용품휴지통분리수거함,3450,26915,7.801449275362319
재활용분리수거,생활/건강청소용품휴지통분리수거함,10740,210263,19.57756052141527
50L쓰레기통,생활/건강청소용품휴지통다용도휴지통,1160,46089,39.73189655172414
일반쓰레기,가구/인테리어인테리어소품디자인문패,3000,67786,22.595333333333333
가정용재활용분리수거함,생활/건강청소용품휴지통분리수거함,3200,46435,14.5109375
쓰레기,생활/건강청소용품휴지통음식물쓰레기통,17760,3261547,183.64566441441443
가정용재떨이,생활/건강생활용품생활잡화재떨이,1730,28003,16.18670520231214
차량용재떨이,생활/건강자동차용품인테리어용품차량용재떨이,3720,89690,24.11021505376344
음식쓰레기통,생활/건강청소용품휴지통음식물쓰레기통,1420,39384,27.735211267605635
쓰레기봉투걸이,스포츠/레저캠핑기타캠핑용품,1590,33662,21.17106918238994
쓰레기통50리터,생활/건강청소용품휴지통다용도휴지통,1120,18682,16.680357142857144
음식물쓰레기,디지털/가전주방가전음식물처리기,12300,317564,25.81821138211382
손수레카트,생활/건강생활용품생활잡화핸드카트,2210,149087,67.46018099547511
재활용,생활/건강청소용품휴지통분리수거함,9060,450417,49.71490066225166
핸드드라이어,디지털/가전생활가전핸드드라이어,2490,75684,30.395180722891567
식당카트,생활/건강공구운반용품핸드카트/운반기,2170,124379,57.31751152073733
서빙카트,생활/건강공구운반용품핸드카트/운반기,3440,243976,70.92325581395349
이동식간이화장실,생활/건강실버용품배변보조용품,1880,9478,5.041489361702127
우산꽂이,가구/인테리어수납가구우산꽂이,18770,384013,20.4588705380927
재래식화장실,생활/건강실버용품배변보조용품,1740,1461,0.8396551724137931
폐건전지수거함,생활/건강청소용품휴지통분리수거함,3150,2187,0.6942857142857143
차량용휴지통,생활/건강자동차용품수납용품휴지통,5550,95181,17.149729729729728
자전거보관소,스포츠/레저자전거자전거용품거치대,1050,1880,1.7904761904761906
주방카트,가구/인테리어주방가구왜건/카트,2240,462140,206.3125
우산꽃이,가구/인테리어수납가구우산꽂이,1330,14238,10.705263157894738
자동차쓰레기통,생활/건강자동차용품수납용품휴지통,2520,168993,67.06071428571428
투명비닐,생활/건강공구포장용품포장지,2170,680246,313.47741935483873
분리수거가방,생활/건강청소용품휴지통분리수거함,1210,14127,11.675206611570248
업소용우산꽂이,가구/인테리어수납가구우산꽂이,1520,42106,27.701315789473686
BSF,생활/건강주방용품식기수저,1230,30522,24.814634146341465
압축기,생활/건강욕실용품욕실청소용품뚫어뻥,4000,295842,73.9605
업소용음식물쓰레기통,생활/건강청소용품휴지통음식물쓰레기통,1440,11519,7.999305555555556
음식집게,생활/건강주방용품조리기구집게,1380,40328,29.223188405797103
MSDS,생활/건강공구안전용품안전표시/신호,32600,4071,0.12487730061349693
캔압축기,생활/건강청소용품휴지통분리수거함,4290,3123,0.727972027972028
이지캔리필,생활/건강청소용품휴지통다용도휴지통,1980,204,0.10303030303030303
쓰레기분리수거,생활/건강청소용품휴지통분리수거함,2180,384709,176.47201834862386
분리수거,생활/건강청소용품휴지통분리수거함,18740,672273,35.87369263607257
음식물통,생활/건강청소용품휴지통분리수거함,1050,278871,265.5914285714286
흑칼집,생활/건강청소용품기타청소용품,4190,1288,0.3073985680190931
유리닦이,생활/건강청소용품유리닦이용품,4060,363268,89.47487684729064
리비크,생활/건강청소용품휴지통다용도휴지통,1200,92,0.07666666666666666
미니바구니,생활/건강수납/정리용품바구니,1050,126131,120.12476190476191
형광등분리수거,생활/건강청소용품휴지통분리수거함,1060,517,0.4877358490566038
냄비분리수거,생활/건강청소용품휴지통다용도휴지통,2590,82371,31.803474903474903
재활용품,가구/인테리어인테리어소품디자인문패,1720,18525,10.770348837209303
이케아필루르,생활/건강주방용품주방잡화쓰레기봉투,1020,20,0.0196078431372549
다용도쓰레기통,생활/건강청소용품휴지통다용도휴지통,1340,1039541,775.7768656716418
10리터종량제쓰레기통,생활/건강청소용품휴지통다용도휴지통,1930,4117,2.133160621761658
방문도어스토퍼,출산/육아안전용품문닫힘방지,1970,37905,19.241116751269036
다이소분리수거함,생활/건강청소용품휴지통분리수거함,3570,3475,0.9733893557422969
한샘쓰레기통,생활/건강청소용품휴지통다용도휴지통,1550,2164,1.3961290322580646
이케아옷걸이행거,가구/인테리어수납가구행거,4410,5772,1.308843537414966
이케아장바구니,생활/건강생활용품생활잡화쇼핑백,2480,1331,0.5366935483870968
매직캔리필,생활/건강주방용품주방잡화쓰레기봉투,2910,20272,6.966323024054983
매직캔쓰레기통,생활/건강청소용품휴지통다용도휴지통,1560,24306,15.580769230769231
매직캔휴지통,생활/건강청소용품휴지통다용도휴지통,40460,24306,0.6007414730598122
히포,생활/건강청소용품휴지통다용도휴지통,4270,62595,14.659250585480093
MAGIKAN,생활/건강청소용품휴지통다용도휴지통,1590,30986,19.488050314465408
매직캔리필봉투,생활/건강주방용품주방잡화쓰레기봉투,5760,14507,2.518576388888889
스티로폼분리수거,가구/인테리어인테리어소품디자인문패,20210,24609,1.2176645225136071
분리배출,생활/건강청소용품휴지통분리수거함,2380,6169,2.592016806722689
암롤박스,스포츠/레저캠핑천막,2470,59,0.02388663967611336
종이분리수거,생활/건강청소용품휴지통분리수거함,1340,18229,13.603731343283583
온라인고물상,생활/건강주방용품주방수납용품싱크선반,1560,34,0.021794871794871794
쓰레기통20리터,생활/건강청소용품휴지통다용도휴지통,5610,112470,20.048128342245988
현관문바람막이,생활/건강생활용품생활잡화문풍지,1600,22463,14.039375
플라스틱바구니,생활/건강수납/정리용품바구니,3620,231430,63.930939226519335
대형플라스틱박스,생활/건강수납/정리용품정리함소품정리함,1720,33903,19.711046511627906
휴지케이스,생활/건강생활용품화장지화장지케이스,13040,833035,63.88305214723926
샴푸용기,생활/건강욕실용품욕실용기/홀더디스펜서,1480,137672,93.02162162162162
식기건조대,생활/건강주방용품주방수납용품식기건조대,134900,965171,7.154714603409933
스텐식기건조대,생활/건강주방용품주방수납용품식기건조대,7670,231675,30.205345501955673
행거수납장,가구/인테리어수납가구행거,4860,191700,39.44444444444444
수납함,생활/건강수납/정리용품정리함소품정리함,19460,2952844,151.73915724563207
디저트볼,생활/건강주방용품식기볼,2340,89036,38.04957264957265
올스텐식기건조대,생활/건강주방용품주방수납용품식기건조대,3020,16407,5.432781456953642
샴푸브러쉬,화장품/미용뷰티소품헤어소품헤어브러시,11280,80318,7.120390070921986
플라스틱박스,생활/건강수납/정리용품정리함소품정리함,12520,795651,63.550399361022365
상장액자,가구/인테리어인테리어소품액자벽걸이액자,2070,78034,37.6975845410628
손잡이바구니,생활/건강수납/정리용품바구니,1200,186864,155.72
운반상자,생활/건강수납/정리용품바구니,1170,96818,82.75042735042734
약보관함,생활/건강의료용품구급/응급용품,2830,59333,20.965724381625442
아로마캔들,가구/인테리어인테리어소품아로마/캔들용품초/향초,5150,2548105,494.77766990291263
창모자,패션잡화모자선캡,1210,49279,40.72644628099174
옷걸이추천,생활/건강수납/정리용품옷걸이일반옷걸이,3900,2943655,754.7833333333333
플라스틱상자,생활/건강수납/정리용품정리함소품정리함,3870,795651,205.59457364341085
프라스틱박스,생활/건강수납/정리용품정리함소품정리함,1780,795651,446.9949438202247
탁상시계,가구/인테리어인테리어소품시계알람/탁상시계,38010,1526971,40.17287555906341
주차번호판,생활/건강자동차용품인테리어용품주차번호판,37330,664221,17.793222609161532
콘테나,생활/건강수납/정리용품바구니,1060,81,0.07641509433962264
벽행거,가구/인테리어수납가구행거,12450,364778,29.299437751004017
혀클리너,생활/건강구강위생용품혀클리너,30110,41264,1.3704417137163734
커튼행거,가구/인테리어수납가구행거,8560,127613,14.908060747663551
우유상자,생활/건강공구포장용품택배박스,1510,35134,23.26754966887417
침대패드,가구/인테리어침구단품패드더블/퀸/킹패드,39890,487297,12.216019052394083
인견패드,가구/인테리어침구단품패드싱글/슈퍼싱글패드,1130,61608,54.52035398230088
우유박스,생활/건강공구포장용품택배박스,4820,35134,7.289211618257261
부품상자,생활/건강공구수작업공구공구함,2230,447278,200.57309417040358
발매트,가구/인테리어카페트/러그발매트,46740,2574656,55.08463842533162
크리스탈와인잔,생활/건강주방용품잔/컵와인잔,3380,59013,17.4594674556213
수저세트,생활/건강주방용품식기수저,68490,1719929,25.11211855745364
얼룩제거제,생활/건강생활용품세제/세정제세탁보조제,8640,36107,4.179050925925926
사회적기업,식품가공식품식용유/오일참기름,20130,5850,0.2906110283159464
베개커버,가구/인테리어침구단품베개베개커버,62720,1605490,25.597735969387756
공구상자,생활/건강공구수작업공구공구함,3870,2702550,698.3333333333334
관찰레,식품가공식품제과/제빵재료,6410,12,0.00187207488299532
커클랜드프로틴바,식품다이어트식품다이어트바,46190,2704,0.058540809699069066
정리함,생활/건강수납/정리용품정리함소품정리함,16860,7229524,428.7973902728351
신비복숭아,식품농산물과일복숭아,1390,42,0.030215827338129497
이케아드릴,생활/건강공구전동공구전동드릴,2060,666,0.3233009708737864
흡연실,생활/건강공구안전용품기타안전용품,1080,24756,22.92222222222222
압롤박스,,1690,0,0.0
제설도구,생활/건강공구수작업공구기타수작업공구,1530,9909,6.476470588235294
매직캔프리베,생활/건강청소용품휴지통다용도휴지통,1310,1263,0.9641221374045802
스토프,스포츠/레저캠핑취사용품버너,1230,1830,1.4878048780487805
공구,생활/건강공구수작업공구공구함,42920,70720194,1647.7212022367196
접이식액자,가구/인테리어인테리어소품액자탁상용액자,1010,59468,58.879207920792076
고블렛잔,생활/건강주방용품잔/컵와인잔,46530,90123,1.9368794326241134
세탁기수납장,생활/건강수납/정리용품선반/진열대벽걸이선반/진열대,1520,33855,22.273026315789473
전기집진기,생활/건강공구소형기계기타소형기계,1080,5696,5.274074074074074
전기차충전소,생활/건강자동차용품배터리용품배터리충전기,43240,283261,6.550901942645698
러버메이드,생활/건강청소용품휴지통다용도휴지통,5740,124970,21.77177700348432
버스정류장,출산/육아완구/매트작동완구자동차,39320,4603,0.11706510681586979
흡연구역,가구/인테리어인테리어소품디자인문패,1500,49517,33.01133333333333
전기차충전소설치,생활/건강자동차용품배터리용품배터리충전기,2070,471,0.22753623188405797
한샘휴지통,생활/건강청소용품휴지통다용도휴지통,1350,2164,1.602962962962963
제연기,디지털/가전계절가전공기정화기공기청정기,1190,764,0.6420168067226891
방갈로,가구/인테리어아웃도어가구기타아웃도어가구,6810,7327,1.0759177679882526
경비실,가구/인테리어아웃도어가구기타아웃도어가구,1110,14985,13.5
공기정화기,디지털/가전계절가전공기정화기공기정화기필터,1370,1836877,1340.7861313868614
주방인테리어소품,생활/건강주방용품주방수납용품주방정리소품,2110,2005144,950.3052132701422
RUBBERMAID,생활/건강청소용품휴지통다용도휴지통,1360,124970,91.88970588235294
러버메이드밀대,생활/건강청소용품밀대/패드,1520,10323,6.791447368421053
아파트흡연,디지털/가전계절가전공기정화기공기청정기,1230,395,0.32113821138211385
담배냄새제거,디지털/가전계절가전공기정화기공기청정기,11520,14441,1.2535590277777777
다용도휴지통,생활/건강청소용품휴지통다용도휴지통,1840,1039541,564.9679347826087
이케아행거,가구/인테리어수납가구행거,22480,17386,0.7733985765124555
모자보관함,생활/건강수납/정리용품정리함소품정리함,1700,5877,3.4570588235294117
모자정리,생활/건강수납/정리용품소품걸이,2080,224643,108.0014423076923
벽고리,생활/건강수납/정리용품소품걸이,1920,157718,82.14479166666666
접착식후크,생활/건강수납/정리용품소품걸이,2380,108600,45.63025210084034
예쁜주방용품,생활/건강주방용품주방수납용품식기건조대,1290,68469717,53077.3
주방가구브랜드,가구/인테리어주방가구식탁/의자식탁테이블,2030,8945,4.406403940886699
키친타올걸이,생활/건강주방용품주방수납용품주방정리소품,24010,120363,5.013036234902124
와인잔거치대,생활/건강주방용품와인용품와인랙,12180,41848,3.4357963875205253
와인거치대,생활/건강주방용품와인용품와인랙,5990,134592,22.469449081803006
와인렉,생활/건강주방용품와인용품와인랙,7020,120079,17.105270655270655
와인랙,생활/건강주방용품와인용품와인랙,4550,310411,68.2221978021978
주방컵걸이,생활/건강주방용품주방수납용품주방정리소품,4520,158182,34.99601769911504
와인잔걸이,생활/건강주방용품와인용품와인랙,3710,73621,19.843935309973045
와인장,가구/인테리어거실가구장식장,1870,28001,14.973796791443851
주방트레이,생활/건강주방용품주방수납용품주방정리소품,1170,1813247,1549.7837606837606
와인셀러,디지털/가전주방가전전용냉장고와인냉장고,45700,32317,0.7071553610503283
그릇받침대,생활/건강주방용품주방수납용품식기건조대,1250,62646,50.1168
일본주방용품,생활/건강주방용품식기수저통,3740,656389,175.50508021390374
주방조리도구걸이,생활/건강주방용품주방수납용품주방정리소품,1580,78839,49.89810126582279
그릇셋트,생활/건강주방용품식기홈세트,1200,847281,706.0675
수입주방가구,가구/인테리어주방가구주방수납장,1120,28933,25.833035714285714
치즈그레이터,생활/건강주방용품칼/커팅기구강판,8410,34712,4.127467300832342
주방수납장,가구/인테리어주방가구주방수납장,107600,1024418,9.520613382899628
우산비닐,가구/인테리어수납가구우산꽂이,1170,106472,91.0017094017094
계란보관함,생활/건강주방용품보관/밀폐용기플라스틱용기,3120,38431,12.317628205128205
차보관함,식품음료커피커피믹스/인스턴트커피,1100,27658,25.143636363636364
수저보관함,생활/건강주방용품식기수저통,1380,60449,43.803623188405794
휴지통8L,생활/건강청소용품휴지통다용도휴지통,1330,32313,24.29548872180451
수납바구니,생활/건강수납/정리용품바구니,21000,1899238,90.43990476190476
악세사리트레이,생활/건강수납/정리용품정리함소품정리함,4130,195073,47.23317191283293
행거가리개,생활/건강수납/정리용품옷커버,12840,30540,2.378504672897196
집정리노하우,생활/건강수납/정리용품정리함소품정리함,4460,3923,0.8795964125560538
패브릭수납함,생활/건강수납/정리용품정리함부직포정리함,2350,67599,28.765531914893618
미니수납함,가구/인테리어수납가구소품수납함,2170,148307,68.34423963133641
가리개커튼,가구/인테리어커튼/블라인드커튼거실용커튼,30520,500731,16.40665137614679
티백보관함,생활/건강주방용품주방수납용품주방정리소품,2420,6114,2.5264462809917356
브래드박스,생활/건강주방용품주방수납용품주방정리소품,1300,20880,16.06153846153846
종이수납함,생활/건강수납/정리용품정리함종이정리함,1020,21777,21.35
패브릭바스켓,생활/건강수납/정리용품바구니,2550,23270,9.125490196078431
화장품트레이,가구/인테리어침실가구화장대화장품정리함,2490,73388,29.47309236947791
집안정리정돈,생활/건강수납/정리용품정리함소품정리함,2360,3608,1.528813559322034
속옷수납함,생활/건강수납/정리용품정리함속옷정리함,1340,110920,82.77611940298507
벽걸이수납포켓,생활/건강수납/정리용품정리함소품정리함,1770,45053,25.453672316384182
가림막커튼,가구/인테리어커튼/블라인드바란스,33940,153312,4.5171479080730705
화분바구니,생활/건강정원/원예용품화분,1840,99968,54.3304347826087
우드햄퍼,생활/건강세탁용품빨래바구니,2630,6447,2.4513307984790873
이불수납함,생활/건강수납/정리용품정리함부직포정리함,1600,69612,43.5075
이불정리함,생활/건강수납/정리용품정리함부직포정리함,9240,180050,19.485930735930737
업소용음식물처리기,디지털/가전주방가전업소용음식물처리기,4570,4504,0.9855579868708971
철제트레이,생활/건강주방용품주방잡화쟁반,1100,32088,29.170909090909092
가구부속,가구/인테리어DIY자재/용품가구부속품기타가구부속품,1210,286864,237.0776859504132
대형물통,생활/건강주방용품보관/밀폐용기물통,2890,53341,18.457093425605535
단자함,생활/건강공구전기용품기타 전기용품,1300,7580,5.8307692307692305
디지털수평계,생활/건강공구측정공구수평기,1380,62638,45.38985507246377
S자고리,생활/건강수납/정리용품소품걸이,2620,51324,19.589312977099237
재봉사,가구/인테리어수예수예용품/부자재,1320,15975,12.102272727272727
다이모라벨기,생활/건강문구/사무용품문구용품다이모/엠보서,2960,827,0.2793918918918919
핸드타올디스펜서,생활/건강생활용품화장지화장지케이스,4050,40806,10.075555555555555
점검구,가구/인테리어DIY자재/용품가구부속품기타가구부속품,3780,11239,2.973280423280423
스프레이용기,화장품/미용뷰티소품화장품케이스,1300,128440,98.8
점보롤,생활/건강생활용품화장지점보롤,5270,166474,31.58899430740038
물비누,화장품/미용바디케어핸드케어,5580,168590,30.21326164874552
핸드타올케이스,생활/건강생활용품화장지화장지케이스,5010,43646,8.71177644710579
시럽통,생활/건강주방용품보관/밀폐용기양념통/설탕프림기,1590,15627,9.828301886792453
원목옷장,가구/인테리어침실가구장롱/붙박이장옷장,5720,94329,16.491083916083916
자동차카시트,생활/건강자동차용품시트커버,1390,377763,271.77194244604317
PATENT,패션잡화여성가방크로스백,20050,91468,4.561995012468828
빨래바구니,생활/건강세탁용품빨래바구니,64380,508301,7.895324634979807
8L휴지통,생활/건강청소용품휴지통다용도휴지통,1300,32313,24.856153846153845
8L쓰레기통,생활/건강청소용품휴지통다용도휴지통,1350,32313,23.935555555555556
바이칸테이블솔,생활/건강청소용품솔,4060,90,0.022167487684729065
생일책,출산/육아교재/서적유아동전집기타전집,1280,11653,9.10390625
피자가방,스포츠/레저오토바이/스쿠터오토바이용품기타오토바이용품,2500,11480,4.592
오토바이배달통,스포츠/레저오토바이/스쿠터오토바이용품기타오토바이용품,8050,12523,1.5556521739130436
벽시계만들기,가구/인테리어인테리어소품시계벽시계,1290,217254,168.4139534883721
거울지,생활/건강수집품공예품,1060,7553,7.125471698113207
자연물,출산/육아완구/매트미술놀이기타미술놀이,1160,2003,1.7267241379310345
스크래퍼,생활/건강공구수작업공구기타수작업공구,13420,282459,21.047615499254842
밤까는기계,생활/건강주방용품칼/커팅기구주방가위,4270,10423,2.440983606557377
설날민속놀이,생활/건강수집품게임보드게임,4070,4408,1.083046683046683
배달가방,생활/건강주방용품주방잡화기타주방잡화,15060,52219,3.4673970783532537
극세사걸레,생활/건강청소용품걸레,4270,280453,65.67985948477752
8절지,생활/건강화방용품전문지류/미술지류미술용지,1990,2271,1.1412060301507538
집만들기,가구/인테리어인테리어소품장식미니어처,4020,904032,224.88358208955225
지끈공예,생활/건강공구포장용품리본,1010,10942,10.833663366336634
널뛰기,생활/건강수집품게임보드게임,3670,1463,0.3986376021798365
홀로그램만들기,출산/육아완구/매트미술놀이기타미술놀이,1150,32070,27.88695652173913
맨토스,식품과자사탕,1630,32320,19.828220858895705
무루,출산/육아기저귀기능성기저귀땅콩기저귀,1670,3906,2.3389221556886226
변신자동차,출산/육아완구/매트작동완구로봇,1050,67191,63.99142857142857
사진프린터기,디지털/가전주변기기프린터포토프린터,1320,89615,67.89015151515152
알라스카,패션의류남성의류점퍼,1310,59887,45.71526717557252
정리트레이,생활/건강수납/정리용품정리함소품정리함,1010,412389,408.3059405940594
AHD,생활/건강생활용품보안용품CCTV,1090,114809,105.32935779816513
PGM,스포츠/레저골프골프백캐디백,1820,286741,157.55
랜턴스탠드,스포츠/레저캠핑랜턴실내등,5130,91646,17.864717348927876
배접봉투,생활/건강주방용품주방잡화쓰레기봉투,1220,63662,52.18196721311475
쓰레기봉투,생활/건강주방용품주방잡화쓰레기봉투,13650,959801,70.31509157509157
컵거치대,생활/건강주방용품주방수납용품주방정리소품,1930,138961,72.00051813471502
협탁,가구/인테리어침실가구협탁,75150,694315,9.239055222887558
원형방석,가구/인테리어홈데코쿠션/방석일반방석,7310,165125,22.58891928864569
아일랜드식탁제작,가구/인테리어주방가구식탁/의자아일랜드식탁,2580,8592,3.3302325581395347
북케이스,가구/인테리어서재/사무용가구책장,1610,18907,11.743478260869566
제작가구,가구/인테리어주방가구식탁/의자식탁테이블,1140,440982,386.8263157894737
벤치의자방석,가구/인테리어홈데코쿠션/방석일반방석,4400,13621,3.095681818181818
카페테이블,가구/인테리어주방가구식탁/의자식탁테이블,23770,441985,18.594236432477913
전산볼트,생활/건강공구체결용품볼트/너트,6490,18812,2.898613251155624
트롤리,가구/인테리어주방가구왜건/카트,55110,494819,8.978751587733624
벤치방석,가구/인테리어홈데코쿠션/방석일반방석,3920,20577,5.249234693877551
하부장,가구/인테리어주방가구주방수납장,3780,56483,14.942592592592593
스툴의자,가구/인테리어서재/사무용가구의자스툴,21560,856899,39.744851576994435
아크릴선반,가구/인테리어수납가구선반,3970,79403,20.000755667506297
책장제작,가구/인테리어서재/사무용가구책장,1110,15078,13.583783783783783
스튤,가구/인테리어서재/사무용가구의자스툴,2390,1068692,447.15146443514647
가구,가구/인테리어거실가구TV거실장,63000,36396487,577.7220158730158
벽장,가구/인테리어수납가구선반,2780,41234,14.832374100719424
수납장,가구/인테리어수납가구수납장,144300,3887043,26.93723492723493
원목선반장,가구/인테리어수납가구선반,2270,24606,10.839647577092512
벽선반,가구/인테리어수납가구선반,61540,934142,15.179428014299642
청소카트,생활/건강공구운반용품핸드카트/운반기,1340,27847,20.78134328358209
콘솔,가구/인테리어침실가구화장대콘솔,66030,1134158,17.176404664546418
보조의자,가구/인테리어서재/사무용가구의자스툴,5880,273790,46.56292517006803
라텍스글러브,생활/건강주방용품주방잡화고무장갑,2330,19419,8.334334763948497
업소용테이블,가구/인테리어주방가구식탁/의자식탁테이블,5380,220332,40.95390334572491
STOOL,가구/인테리어서재/사무용가구의자스툴,6730,1068692,158.79524517087668
세트앙카,생활/건강공구체결용품볼트/너트,2440,60130,24.64344262295082
선반척,생활/건강공구전동공구전동공구액세서리,1120,57333,51.19017857142857
화장대의자,가구/인테리어침실가구화장대화장대의자,37790,265177,7.01712093146335
레고보관함,생활/건강수집품모형/프라모델/피규어보관용품,2850,9218,3.234385964912281
만화책장,가구/인테리어서재/사무용가구책장,3020,16908,5.598675496688742
카페카운터,가구/인테리어서재/사무용가구사무/교구용가구사무용책상,1440,15960,11.083333333333334
레고정리,생활/건강수납/정리용품정리함소품정리함,2950,12731,4.315593220338983
전정가위,생활/건강공구원예공구원예가위,3990,115035,28.830827067669173
정리대,생활/건강수납/정리용품정리함신발정리대,2250,1841663,818.5168888888888
소품,가구/인테리어인테리어소품장식인형,8400,82427950,9812.85119047619
스크레퍼,생활/건강공구수작업공구기타수작업공구,4240,282459,66.61768867924528
식당테이블,가구/인테리어주방가구식탁/의자식탁테이블,5550,192621,34.70648648648648
리벳건,생활/건강공구수작업공구기타수작업공구,5580,40019,7.171863799283154
원목스툴,가구/인테리어서재/사무용가구의자스툴,9970,150949,15.140320962888666
C클램프,생활/건강공구체결용품홀딩클램프,1600,52237,32.648125
매직캔휴지통리필,생활/건강청소용품휴지통다용도휴지통,2040,14083,6.9034313725490195
매직캔리필봉투280,생활/건강주방용품주방잡화쓰레기봉투,8720,4317,0.4950688073394495
쓰레받기,생활/건강청소용품빗자루/쓰레받기,8730,373603,42.79530355097366
쓰레받이,생활/건강청소용품빗자루/쓰레받기,3990,373603,93.63483709273183
유리창스퀴지,생활/건강청소용품유리닦이용품,1270,30561,24.063779527559056
삼태기,생활/건강청소용품빗자루/쓰레받기,3800,5330,1.4026315789473685
미니토스트기,디지털/가전주방가전토스터기오븐토스터기,1160,16096,13.875862068965517
디캔터,생활/건강주방용품와인용품디캔터,2810,119272,42.44555160142349
머그컵브랜드,생활/건강주방용품잔/컵머그,1840,2168,1.1782608695652175
브랜디잔,생활/건강주방용품잔/컵유리컵,1210,19143,15.820661157024793
부르스타,스포츠/레저캠핑취사용품휴대용가스레인지,19780,36479,1.844236602628918
다이어트식판,생활/건강주방용품식기식판,7010,19483,2.779315263908702
소주잔,생활/건강주방용품잔/컵다기/주기,29760,157758,5.301008064516129
양동이,생활/건강주방용품보관/밀폐용기플라스틱용기,5170,400269,77.42147001934237
모양틀,생활/건강주방용품제과/제빵용품쿠키커터/모양틀,2350,531813,226.30340425531915
벽걸이휴지통,생활/건강청소용품휴지통다용도휴지통,3000,37747,12.582333333333333
위생용품,생활/건강구강위생용품구강청정제/가글,1390,4615890,3320.7841726618703
센스큐휴지통,생활/건강청소용품휴지통다용도휴지통,1550,1796,1.1587096774193548
정션박스,생활/건강공구전기용품기타 전기용품,1630,15999,9.815337423312883
컷쇼,생활/건강공구전동공구컷쏘,1700,6588,3.875294117647059
EMO,패션잡화주얼리목걸이패션목걸이,3220,12721,3.9506211180124224
자석철판,생활/건강문구/사무용품문구용품자석,1300,10290,7.915384615384616
플로피디스크,디지털/가전저장장치기타저장장치,5810,3314,0.5703958691910499
방수갑바,생활/건강공구안전용품기타안전용품,1440,3770,2.6180555555555554
육각나사,생활/건강공구체결용품나사,1240,85767,69.16693548387097
식염수,생활/건강눈건강용품렌즈세정액,14200,5156,0.3630985915492958
방폭등,가구/인테리어인테리어소품조명야외조명,1810,2685,1.4834254143646408
씽크대쓰레기통,생활/건강청소용품휴지통음식물쓰레기통,1990,90403,45.4286432160804
전기자동차충전소,생활/건강자동차용품배터리용품배터리충전기,1630,141614,86.87975460122699
자전거보관,스포츠/레저자전거자전거용품거치대,1080,66760,61.81481481481482
변기뚫어뻥,생활/건강욕실용품욕실청소용품뚫어뻥,36330,135557,3.731268923754473
스프링청소기,생활/건강공구전동공구청소기,2650,61284,23.126037735849057
폐기물마대자루,생활/건강공구포장용품택배봉투,6140,1410,0.2296416938110749
재활용비닐,생활/건강주방용품주방잡화쓰레기봉투,1170,120017,102.57863247863249
물걸레청소포,생활/건강청소용품기타청소용품,18350,161638,8.808610354223433
전동스프링청소기,생활/건강공구전동공구청소기,1740,15691,9.017816091954023
면보루,생활/건강청소용품걸레,1020,1627,1.5950980392156864
마루광택기,디지털/가전생활가전청소기업소용청소기,1230,16920,13.75609756097561
건습식청소기,디지털/가전생활가전청소기업소용청소기,1400,67280,48.05714285714286
마포걸레,생활/건강청소용품밀대/패드,4910,237345,48.33910386965377
리스킹걸레,생활/건강청소용품밀대/패드,1180,32466,27.5135593220339
청소기호스,디지털/가전생활가전청소기청소기액세서리,1900,67972,35.77473684210526
정전기청소포,생활/건강청소용품기타청소용품,8180,86198,10.537652811735942
무동력청소기,디지털/가전생활가전청소기업소용청소기,1010,9643,9.547524752475248
변기솔,생활/건강욕실용품욕실청소용품변기솔,6970,229231,32.88823529411765
에어컨공구,생활/건강공구수작업공구공구함,1260,97366,77.27460317460317
나프탈렌,생활/건강생활용품제습/방향/탈취옷장탈취제,6900,44053,6.384492753623189
검정비닐봉투,생활/건강주방용품주방잡화쓰레기봉투,2640,220866,83.66136363636363
쓰레기봉투가격,생활/건강주방용품주방잡화쓰레기봉투,15300,959801,62.732091503267974
분리수거봉투,생활/건강주방용품주방잡화쓰레기봉투,2820,109548,38.8468085106383
알루미늄봉,생활/건강공구수작업공구기타수작업공구,1220,45515,37.307377049180324
톤백,생활/건강공구포장용품택배봉투,3360,5132,1.5273809523809523
재활용봉투,생활/건강주방용품주방잡화쓰레기봉투,4230,144443,34.14728132387707
자동손세정제,생활/건강욕실용품욕실용기/홀더디스펜서,1850,8141,4.400540540540541
